"AgencyID","DBA","Address","City","County","Zip","Agency Phone","Wholesale","Warehouse","Order Day","Week","Delivery Day","Primary Contact","Primary Contact Phone"
"10100","Jungle Jim's","4450 Eastgate S Dr","Cincinnati","Clermont County","45245","513-674-6000","Yes","GPT","Friday","Weekly","Wednesday","Amber Sieg","513-678-3180"
"10109","Ohio Pike Wine and Spirits","919 Ohio Pike 125","Cincinnati","Clermont","45245","513-718-0020","-","GPT","Tuesday","Weekly","Friday","Rinkal Patel","513-404-3908"
"10110","Arrow Wine & Spirits","6061 Radio Way","Mason","Warren County","45040","513-492-8749","-","GPT","Tuesday","Weekly","Friday","Jeff Heath","513-492-8749"
"10111","Red Bank Wine and Spirits","3974 Red Bank Rd","Cincinnati","Hamilton County","45227","513-873-2063","Yes","GPT","Tuesday","Weekly","Friday","Gurdeep Monga","315-269-9260"
"10113","Centerville Liquor & Wine","894 S Main St","Centerville","Montgomery County","45458","937-991-0014","Yes","GPT","Tuesday","Weekly","Friday","Jignesh Patel","937-554-5177"
"10116","The Goods","444 S Washington St","New Bremen","Auglaize","45869","419-629-5001","-","GPT","Thursday","2","Tuesday","Dan Lawrence","937-573-9857"
"10120","Kettering Wine & Spirits","1218 E Stroop Rd","Dayton","Montgomery County","45429","937-999-4064","Yes","GPT","Monday","Weekly","Thursday","UT Trivedi","510-676-0750"
"10125","Kings Mills Wine & Spirits","5271 Kings Mills Rd","Mason","Warren County","45040","513-492-8646","Yes","GPT","Tuesday","Weekly","Friday","Rohit Patel","513-885-6064"
"10500","Liquor and Wine Warehouse","3440 York Commons Blvd","Dayton","Montgomery County","45414","937-387-0099","Yes","GPT","Wednesday","Weekly","Monday","Ravikumar Thota","925-922-2118"
"10501","Cincy Liquors","7617 Reading Rd","Cincinnati","Hamilton County","45237","513-821-4302","Yes","GPT","Tuesday","Weekly","Friday","Suhasini Arutla","513-562-7476"
"10502","Kroger","1 W Corry St","Cincinnati","Hamilton County","45219","513-872-1555","-","GPT","Friday","Weekly","Wednesday","Taylor Haynes","419-953-2787"
"10503","Eaton Wine & Spirits","508 N Barron St","Eaton","Preble County","45320","937-456-3242","Yes","GPT","Thursday","Weekly","Tuesday","ishank patel","770-363-8483"
"10504","Wagner's IGA Market","257 E 4th St","Minster","Auglaize County","45865","(419) 628-3537","Yes","GPT","Thursday","1","Tuesday","Sheila Eilerman","419-953-3677"
"10505","Central Liquors","9908 Colerain Ave","Cincinnati","Hamilton County","45251","513-245-1940","Yes","GPT","Thursday","Weekly","Tuesday","Srinivas Kamineni","513-252-7750"
"10506","Kroger","560 Wessel Dr","Fairfield","Butler County","45014","513-858-8200","-","GPT","Monday","Weekly","Thursday","Heidi Brown","513-418-8269"
"10507","McCauley's Carryout","6788 Fields Ertel Rd","Sharonville","Butler County","45241","513-247-7307","-","GPT","Wednesday","Weekly","Monday","Jay Patel","859-743-8936"
"10508","Kroger","4100 Hunt Rd","Blue Ash","Hamilton County","45236","513-792-1539","-","GPT","Thursday","Weekly","Tuesday","Holland St. Charles","513-833-7021"
"10509","Staggerlee's Carry Out","2020 Elm St","Cincinnati","Hamilton County","45202","513-751-9463","Yes","GPT","Tuesday","Weekly","Friday","Ranjith Chada","513-260-6109"
"10510","Deer Park Delicatessen","7916 Blue Ash Rd","Deer Park","Hamilton County","45236","513-891-5812","Yes","GPT","Thursday","Weekly","Tuesday","Keith Kolthoff","513-382-6770"
"10511","Jungle Jim's International Market","5440 Dixie Hwy","Fairfield","Butler County","45014","513-674-6000","Yes","GPT","Monday","Weekly","Thursday","Becky Holcomb","513-969-5384"
"10512","Hyde Park Wine And Spirits","2719 Madison Rd","Cincinnati","Hamilton County","45209","513-533-4300","Yes","GPT","Monday","Weekly","Thursday","Devang Patel","513-535-6515"
"10513","McGuires","4211 N Main St","Dayton","Montgomery County","45405","937-275-5731","-","GPT","Friday","Weekly","Wednesday","Phil Muhlenkamp","937-430-0070"
"10514","Beckett Wine & Liquor","8211 Princeton Glendale Rd","West Chester","Butler County","45069","513-860-4340","Yes","GPT","Thursday","Weekly","Tuesday","Srinivas Bandinani","732-715-0236"
"10515","Emporium Wines","233 Xenia Ave","Yellow Springs","Greene County","45387","937-767-7077","-","GPT","Friday","2","Wednesday","Kurt Miyazaki",""
"10516","Kroger","3033 Heritage Green Dr","Monroe","Butler County","45050","513-727-7441","Yes","GPT","Friday","Weekly","Wednesday","Rick Allen",""
"10517","Vonderhaars Market & Catering","19 W Pleasant St","Reading","Hamilton County","45215","513-554-1969","Yes","GPT","Thursday","Weekly","Tuesday","Kyle Harrod","513-560-4569"
"10518","Giant Liquor","9433 Cincinnati Columbus Rd","West Chester","Butler County","45069","513-644-9189","-","GPT","Wednesday","Weekly","Monday","Rohit Patel","513-885-6064"
"10519","Kroger","11390 Montgomery Rd","Cincinnati","Hamilton County","45249","513-247-4534","-","GPT","Wednesday","Weekly","Monday","Mark Vetorino","513-904-8754"
"10520","St. Bernard Shurfine Foods","4950 Vine St","Saint Bernard","Hamilton County","45217","513-242-9000","-","GPT","Tuesday","Weekly","Friday","Ranjith Chada","513-260-6109"
"10521","Village Keg","5 Enfield St","Cincinnati","Hamilton County","45218","513-825-2776","Yes","GPT","Monday","Weekly","Thursday","Ankit Patel","513-218-2994"
"10522","Kroger","3760 Paxton Ave","Cincinnati","Hamilton County","45209","15138714142","-","GPT","Wednesday","Weekly","Monday","John Moore","513-382-7570"
"10523","Fairborn Spirits","321 E Dayton Dr","Fairborn","Greene County","45324","937-878-5431","Yes","GPT","Wednesday","Weekly","Monday","Bhavnaben Chandulal Patel","705-849-6324"
"10524","Spirits & More","3006 Dixie Hwy","Hamilton","Butler County","45015","513-867-8755","Yes","GPT","Tuesday","Weekly","Friday","Shiva Annamaneni","714-931-4489"
"10525","Adam's County Beverage Barn","410 E 2nd St","Manchester","Adams County","45144","937-549-3200","Yes","GPT","Monday","2","Thursday","Lavaker R. Boreddy","317-374-5050"
"10526","Engel's Carryout","7699 Ripple Rd","Cleves","Hamilton County","45002","513-832-2030","Yes","GPT","Thursday","Weekly","Tuesday","Tejas Patel","513-280-3096"
"10527","Lakeview Carry Out","103 E Logan St","Celina","Mercer County","45822","419-586-4205","Yes","GPT","Thursday","Weekly","Tuesday","Jason Winner","937-266-4974"
"10528","Vandalia Carry Out","351 E National Rd","Vandalia","Montgomery County","45377","937-898-4657","Yes","GPT","Tuesday","Weekly","Friday","Adam Boyd","937-898-5221"
"10529","Westside Liquor","2315 Ferguson Rd","Cincinnati","Hamilton County","45238","513-347-9793","Yes","GPT","Wednesday","Weekly","Monday","Margarita Shur","513-706-4274"
"10530","Kroger","4500 Montgomery Rd","Norwood","Hamilton County","45212","513-841-3974","Yes","GPT","Tuesday","Weekly","Friday","Chandra Lovett","513-641-7909"
"10531","O'Bryan's Wine & Spirits","8972 Columbia Rd","Loveland","Warren County","45140","513-683-2082","Yes","GPT","Monday","Weekly","Thursday","Steven O'Bryan",""
"10532","Needler's Fresh Market","982 N Market St","Troy","Miami County","45373","937-335-6750","Yes","GPT","Monday","Weekly","Thursday","Zach Brown","765-661-6780"
"10533","Joe's Party Shop & Drive Thru","1080 Jefferson St","Greenfield","Highland County","45123","937-981-3032","Yes","GPT","Monday","Weekly","Thursday","Joseph Moses","937-403-8661"
"10534","Kroger","548 Clinton Ave","Washington Court House","Fayette County","43160","740-335-0974","Yes","GPT","Monday","Weekly","Thursday","jamie woods","937-763-5057"
"10535","Oxford Spirits","21 Lynn Ave","Oxford","Butler County","45056","513-523-7575","Yes","GPT","Monday","Weekly","Thursday","Suresh Gudapuri","513-479-6850"
"10537","Fine Wine & Spirits","8433-37 Beechmont Ave","Cincinnati","Hamilton County","45255","513-474-4996","Yes","GPT","Wednesday","Weekly","Monday","Chirag Patel","513-490-6861"
"10538","Mcmaken's IGA","1 McMaken Ln","Brookville","Montgomery County","45309","937-833-2118","-","GPT","Thursday","Weekly","Tuesday","Rhonda Price","614-581-7660"
"10539","Kroger","1230 Rombach Ave","Wilmington","Clinton County","45177","937-655-5700","Yes","GPT","Monday","Weekly","Thursday","Joe Holliday",""
"10540","Party Place","485 Home St","Georgetown","Brown County","45121","937-378-0020","Yes","GPT","Monday","1","Thursday","Dhirendra Singh","513-410-7997"
"10541","Little Farm","881 E Dixie Dr","West Carrollton","Montgomery County","45449","937-859-0500","Yes","GPT","Thursday","Weekly","Tuesday","Keshav Reddy",""
"10542","Liberty Wine & Liquor","5501 Liberty Square Drive","Hamilton","Butler County","45011","513-857-7009","Yes","GPT","Monday","Weekly","Thursday","Bhavesh Patel","513-668-7640"
"10543","Spirits of Madeira","6917 Miami Ave","Madeira","Hamilton County","45243","513-561-2702","Yes","GPT","Monday","Weekly","Thursday","Jennifer Kern","513-315-4758"
"10544","Lehr's Prime Market","740 Main St","Milford","Clermont County","45150","513-831-3411","Yes","GPT","Wednesday","Weekly","Monday","Lili Horne","513-987-6400"
"10545","Tom's Drive Thru","1906 Galbraith Rd","Cincinnati","Hamilton County","45239","513-729-4062","Yes","GPT","Wednesday","Weekly","Monday","joe flohr","513-502-7998"
"10546","Giant Liquor","2000 E. Whipp Rd.","Kettering","Greene County","45440","937-723-9427","Yes","GPT","Thursday","Weekly","Tuesday","UT Trivedi","510-676-0750"
"10547","Noonan's Party Connection","1350 Main St","Hamilton","Butler County","45013","513-868-8300","Yes","GPT","Friday","Weekly","Wednesday","Thomas Noonan",""
"10548","Kroger","2100 W Michigan St","Sidney","Shelby County","45365","937-494-1038","Yes","GPT","Wednesday","Weekly","Monday","Jessica Suthers","937-494-1038"
"10549","Brentwood Spirits","8621 Winton Rd","Cincinnati","Hamilton County","45231","513-522-5830","Yes","GPT","Thursday","Weekly","Tuesday","Hasmukh Patel","859-953-1292"
"10550","Kroger","2120 Beechmont Ave","Cincinnati","Hamilton County","45230","513-231-4530","-","GPT","Monday","Weekly","Thursday","Jocelyn Dewald","513-915-5330"
"10551","Gina's Liquor","2227 Germantown St","Dayton","Montgomery County","45417","937-938-5882","-","GPT","Thursday","Weekly","Tuesday","Keshav Reddy",""
"10552","Manor Wine Cellar","5544 Airway Rd","Dayton","Montgomery County","45431","937-254-5556","Yes","GPT","Monday","Weekly","Thursday","Gregory Schultz",""
"10553","Delhi Liquor","5193 Delhi Pike","Cincinnati","Hamilton County","45238","513-451-4671","Yes","GPT","Thursday","Weekly","Tuesday","Rohit Patel","513-828-8263"
"10554","Morrow Village Market","121 W Pike St","Morrow","Warren County","45152","513-899-7736","-","GPT","Tuesday","Weekly","Friday","Vinay Patel","513-888-7890"
"10555","Tri County Beverage","350 Northland Blvd","Cincinnati","Hamilton County","45246","513-771-3419","Yes","GPT","Thursday","Weekly","Tuesday","Neel Thumma","256-679-7097"
"10556","Airy Pony Keg","7549 Colerain Ave","Cincinnati","Hamilton County","45239","513-522-0403","Yes","GPT","Thursday","Weekly","Tuesday","Ranjith Chada","513-260-6109"
"10557","Kroger","262 W Main St","Amelia","Clermont County","45102","513-718-2229","Yes","GPT","Wednesday","Weekly","Monday","Brian Foster","513-368-9685"
"10558","Queen City Wine and Spirits","120 E Fourth Street","Cincinnati","Hamilton County","45202","513-579-9999","Yes","GPT","Wednesday","Weekly","Monday","Khusbu Patel","513-404-3908"
"10559","Community Markets","805 Defiance St","Wapakoneta","Auglaize County","45895","419-738-8817","Yes","GPT","Wednesday","Weekly","Monday","Zach Brown","765-661-6780"
"10560","Eastgate Wine and Spirits","4496 Mt Carmel Tobasco Rd","Cincinnati","Clermont County","45244","513-688-1888","Yes","GPT","Monday","Weekly","Thursday","Pritesh Patel",""
"10561","Xenia Liquors","276 Dayton Ave","Xenia","Greene County","45385","937-372-3581","Yes","GPT","Wednesday","Weekly","Monday","Nitin Pahwa","732-762-4901"
"10562","Air City Wine & Liquor","3114 N Dixie Dr","Dayton","Montgomery County","45414","937-275-2811","Yes","GPT","Wednesday","Weekly","Monday","Tyler Gray","937-275-2811"
"10563","Kroger","7580 Beechmont Ave","Cincinnati","Hamilton County","45255","513-233-4441","Yes","GPT","Friday","Weekly","Wednesday","Nick Morales","513-602-8548"
"10564","Sharonville Liquor & Wine","11018 Reading Rd","Sharonville","Hamilton County","45241","513-563-4606","Yes","GPT","Thursday","Weekly","Tuesday","Ashish Patel","1-5138852016"
"10565","Springboro Spirits","748 Gardner Rd","Springboro","Warren County","45066","937-748-2131","-","GPT","Monday","Weekly","Thursday","Gaurav Bhatara",""
"10566","Liquor Quick","102 Edgewood Dr","Trenton","Butler County","45067","513-988-9074","Yes","GPT","Friday","Weekly","Wednesday","robyn combs","513-571-6702"
"10567","Arrow Wine & Spirits","615 Lyons Road","Dayton","Montgomery","45459","937-433-6778","Yes","GPT","Friday","Weekly","Wednesday","Nate Lee","937-434-8087"
"10568","New Odd House Party Supply","1268 E Central Ave","Miamisburg","Montgomery County","45342","937-866-5231","-","GPT","Friday","Weekly","Wednesday","Matthew Tontrup","513-594-6415"
"10569","Back's Deli & Drive Thru","1101 Harrison Ave","Harrison","Hamilton County","45030","513-367-9195","Yes","GPT","Thursday","Weekly","Tuesday","Niraj Zala","848-468-6588"
"10570","Giant Liquors","4908 Socialville Foster Rd","Mason","Warren County","45040","513-466-8044","Yes","GPT","Tuesday","Weekly","Friday","Dharmin Patel","812-655-3503"
"10571","Johns IGA Foodliner","1327 E Main St","Versailles","Darke County","45380","937-526-3349","Yes","GPT","Thursday","1","Tuesday","Michael Johns",""
"10572","Middletown Fine Wine & Spirits","721 S Breiel Blvd","Middletown","Butler County","45044","513-423-3631","Yes","GPT","Monday","Weekly","Thursday","Sanket Patel","513-302-4991"
"10573","Beaver Valley Wine & Spirits","3325 Seajay Dr","Beavercreek","Greene County","45430","937-426-0060","Yes","GPT","Thursday","Weekly","Tuesday","Melvin Monteiro","937-623-2663"
"10574","Salem Beverage & Market","3440 Salem Ave","Dayton","Montgomery County","45406","937-274-3971","-","GPT","Thursday","Weekly","Tuesday","Anil Musku","301-401-2984"
"10575","Arrow Wine & Spirits","2950 Far Hills Ave","Dayton","Montgomery County","45419","937-298-1456","-","GPT","Friday","Weekly","Wednesday","Joanny shivers","326-213-7222"
"10576","The Wine List","7381 Tylers Corners Dr","West Chester","Butler County","45069","513-755-3300","Yes","GPT","Thursday","Weekly","Tuesday","Gurdeep Monga","315-269-9260"
"10577","McMiller's Carry Out","601 Martin St","Greenville","Darke County","45331","937-548-4002","Yes","GPT","Thursday","2","Tuesday","Justin Rench","937-459-2318"
"10578","Handy One Food Mart","3105 E Dorothy Ln","Dayton","Montgomery County","45420","937-293-5112","-","GPT","Monday","Weekly","Thursday","Rob Leraas","937-750-6323"
"10579","Kroger","885 Union Blvd","Englewood","Montgomery County","45322","937-832-4084","Yes","GPT","Wednesday","Weekly","Monday","David Mann","937-750-9324"
"10580","Red's Deli","2801-2803 Price Ave","Cincinnati","Hamilton County","45204","513-471-1444","Yes","GPT","Monday","Weekly","Thursday","Anil Shah","513-378-8249"
"10581","St. Marys Liquor","200 E High St","Saint Marys","Auglaize County","45885","419-394-5220","Yes","GPT","Thursday","Weekly","Tuesday","Brad Wourms","937-751-4032"
"10582","Kroger","1510 Covington Ave","Piqua","Miami","45356","937-381-8271","Yes","GPT","Tuesday","Weekly","Friday","Emory Moore",""
"10583","Gel's Supermarket","451 Stachler Dr","Saint Henry","Mercer County","45883","419-678-4249","Yes","GPT","Thursday","Weekly","Tuesday","Chris Jansen","937-776-5549"
"10584","Kwik N Kold","2918 South Olive Road","Trotwood","Montgomery","45426","937-837-2337","-","GPT","Thursday","Weekly","Tuesday","Surinderjit Sandhawalia",""
"10585","The Wine Connection","1258 S.R. 28 Miami Twp.","Milford","Clermont","45150","513-722-9463","-","GPT","Monday","Weekly","Thursday","Srinivas Bandinani","732-715-0236"
"10586","Kroger","5910 Harrison Ave.","Cincinnati","Hamilton","45248","513-370-2000","-","GPT","Thursday","Weekly","Tuesday","Todd Boyle","513-265-6145"
"10587","Party Place","203 E Main St","Mount Orab","Brown County","45154","937-444-4282","Yes","GPT","Monday","1","Thursday","Praveen Varma","513-479-1945"
"10588","Kroger","1425 Columbus Ave","Lebanon","Warren County","45036","513-228-7347","Yes","GPT","Friday","Weekly","Wednesday","Leslie Lewis","513-364-7157"
"10589","C & J Party Supply","26 Emerick Rd","West Milton","Miami County","45383","937-698-6800","-","GPT","Thursday","1","Tuesday","Haley Moore","937-308-7968"
"10590","Belmont Party Supply","2621 South Smithville Road","Dayton","Montgomery","45420","937-252-4724","Yes","GPT","Thursday","Weekly","Tuesday","Sreelatha Baddam","301-401-2985"
"10591","More For Less","444 A N James H Mcgee Blvd.","Dayton","Montgomery","45402","937-263-1580","-","GPT","Tuesday","Weekly","Friday","Sreelatha Baddam","301-401-2985"
"10592","Miami Valley Wine & Spirits","943 W Main St","Tipp City","Miami County","45371","937-667-3614","-","GPT","Thursday","Weekly","Tuesday","Rodny Martino",""
"10593","Smith's Liquor","1024 S Smithville Rd","Dayton","Montgomery County","45403","937-256-2122","Yes","GPT","Wednesday","Weekly","Monday","Anil Musku","301-401-2984"
"10594","River's Bend Wine and Spirits","5974 OH-48","Maineville","Warren County","45039","513-494-9420","Yes","GPT","Monday","Weekly","Thursday","Rohit Patel",""
"10595","Miami Wine and Liquor","6565 Brandt Pike","Dayton","Montgomery County","45424","937-235-2046","Yes","GPT","Monday","Weekly","Thursday","Kali McDowell","937-216-8516"
"10596","Cappy's Wine & Spirits","309 W Loveland Ave","Loveland","Clermont County","45140","513-677-2599","Yes","GPT","Monday","Weekly","Thursday","Benjamin Capodagli","513-807-3546"
"10597","Franklin Party Supply","443 Riley Blvd","Franklin","Warren County","45005","937-746-7212","Yes","GPT","Friday","Weekly","Wednesday","Rick Snowden",""
"20601","Kroger","2555 Glendale Ave","Toledo","Lucas County","43614","419-385-4660","-","GRN","Thursday","Weekly","Tuesday","Raven Meiring","419-262-7703"
"20602","Kroger","113 E Airport Hwy","Swanton","Fulton County","43558","419-825-7110","Yes","GRN","Thursday","Weekly","Tuesday","Diane Roe","419-343-0213"
"20604","Defiance Beverage Center","1100 N Clinton St","Defiance","Defiance County","43512","419-784-1888","Yes","GPT","Monday","Weekly","Thursday","ABBAS ISMAIL","567-249-7523"
"20605","Monroe Carryout","2839 Monroe St","Toledo","Lucas County","43606","419-243-8834","-","GRN","Friday","Weekly","Wednesday","Marie Faris","419-450-8334"
"20607","Miller's Market","117 Whittlesey Ave","Norwalk","Huron County","44857","419-668-9344","Yes","GRN","Thursday","Weekly","Tuesday","Larnell Jackson","419-668-9344"
"20610","Alexa Liquor Barn","2101 W Alexis Rd","Toledo","Lucas County","43613","419-472-3337","Yes","GRN","Monday","Weekly","Thursday","Lucky Mani","614-886-0401"
"20612","Huron Market","525 Cleveland Rd W","Huron","Erie County","44839","419-433-2499","Yes","GRN","Monday","Weekly","Thursday","Tim Board","419-202-2441"
"20613","Kroger","790 W Market St","Tiffin","Seneca County","44883","419-447-3314","Yes","GRN","Friday","Weekly","Wednesday","Lisa Crosby","419-206-2127"
"20614","Kroger","1700 Cedar St","Fremont","Sandusky County","43420","419-332-7985","Yes","GRN","Friday","Weekly","Wednesday","Katelyn Haubert",""
"20615","Kroger","126 W High St","Fostoria","Seneca County","44830","419-435-4137","Yes","GRN","Friday","Weekly","Wednesday","Nicholas Nomina","419-435-4006"
"20616","Wine Sellers","3333 W Elm St","Lima","Allen County","45807","419-991-1901","Yes","GPT","Wednesday","Weekly","Monday","Neery Madan","419-303-8982"
"20617","Arnold's Carryout","105 Myrtle Ave","Willard","Huron County","44890","419-935-0037","Yes","GRN","Friday","Weekly","Wednesday","Eric Donnamiller","419-706-3140"
"20618","Hogue's Foodland Mkt","855 Kilbourne St","Bellevue","Sandusky County","44811","419-483-2310","Yes","GRN","Friday","Weekly","Wednesday","Tracy Hogue","419-483-2310"
"20619","Meijer","3298 Elida Rd","Lima","Allen County","45805","419-331-6409","-","GPT","Wednesday","Weekly","Monday","Kim Shearn","419-302-4402"
"20620","Kroger","3301 Navarre Ave","Oregon","Lucas County","43616","419-690-8111","Yes","GRN","Monday","Weekly","Thursday","Jason Hetz","567-377-7088"
"20621","Chief Super Market 15","1247 Scott Street","Napoleon","Henry","43545","419-592-2846","Yes","GRN","Wednesday","Weekly","Monday","John Holbrook","419-231-0376"
"20622","Walt Churchill's Market","3320 Briarfield Blvd","Maumee","Lucas County","43537","419-794-4000","-","GRN","Thursday","Weekly","Tuesday","Sebastian Rice","419-794-4000"
"20623","Dick's Grocery & Carryout","1318 Tiffin Ave","Sandusky","Erie County","44870","419-626-1783","Yes","GRN","Monday","Weekly","Thursday","Joel Lorenz",""
"20624","Daryl & Daryl's Pizza & Wings","3232 Harding Hwy","Lima","Allen County","45804","419-228-9464","Yes","GPT","Monday","Weekly","Thursday","Anthony Collins",""
"20625","Kroger","2028 E Harbor Rd","Port Clinton","Ottawa County","43452","419-734-7913","Yes","GRN","Monday","Weekly","Thursday","Kristin Kirk","419-734-7913"
"20626","Marino's Beverage Depot","5829 Monroe St","Sylvania","Lucas County","43560","419-885-8888","Yes","GRN","Wednesday","Weekly","Monday","Batrisa Markho",""
"20627","Pauken Wine & Liquor","221 Golden Gate Shopping Center","Maumee","Lucas","43537","419-893-2173","Yes","GRN","Friday","Weekly","Wednesday","Brad Robertson",""
"20629","Joseph's Beverage Center","4129 Talmadge Rd","Toledo","Lucas County","43623","419-841-3000","Yes","GRN","Wednesday","Weekly","Monday","Chris Newton","419-472-1421"
"20630","Beverage Barn","1901 Tiffin Ave","Findlay","Hancock County","45840","419-422-2633","Yes","GRN","Thursday","Weekly","Tuesday","Eric Hager","419-266-4376"
"20631","Duke's State Liquor Store","630 N Main St","Lima","Allen County","45801","419-222-0334","Yes","GPT","Wednesday","Weekly","Monday","Pamula Vippala","419-222-0334"
"20632","Kroger","2257 N Holland Sylvania Rd","Toledo","Lucas County","43615","419-578-1307","Yes","GRN","Thursday","Weekly","Tuesday","Kristian Hayes","419-578-6460"
"20633","Kroger","1094 N Main St","Bowling Green","Wood County","43402","419-353-3919","Yes","GRN","Thursday","Weekly","Tuesday","Kari Gonder","419-353-3919"
"20634","Partee Shop","303 W Main St","Van Wert","Van Wert County","45891","419-238-9951","Yes","GPT","Monday","Weekly","Thursday","Shyam Parteeshop","567-271-9511"
"20636","Miller Brother's Supervalue","166 W Main St","New London","Huron County","44851","419-929-1591","-","GRN","Tuesday","Weekly","Friday","Alex Szmania","419-577-6175"
"20638","Kroger","101 6th St","Findlay","Hancock County","45840","419-423-2065","-","GRN","Friday","Weekly","Wednesday","Robin Aldrich","419-889-5482"
"20639","Cheers","547 E Manhattan Blvd","Toledo","Lucas County","43608","419-407-5466","-","GRN","Tuesday","Weekly","Friday","George Estephan","586-222-3557"
"20640","Stop & Go","653 Main St","Toledo","Lucas County","43605","419-693-3969","Yes","GRN","Monday","Weekly","Thursday","Ravi Kumar Kamtam","475-777-4657"
"20641","Kroger","4633 Suder Ave","Toledo","Lucas County","43611","419-727-2668","Yes","GRN","Monday","Weekly","Thursday","Michelle Doncoes","419-727-2668"
"20643","Woodbury Market","1503 Woodville Rd","Millbury","Wood County","43447","419-836-9691","Yes","GRN","Friday","Weekly","Wednesday","Julie Pieper","419-351-0133"
"20644","Chief Super Market","1069 North Williams Street","Paulding","Paulding","45879","419-399-3751","Yes","GPT","Monday","Weekly","Thursday","Zach Brown","765-661-6780"
"20645","Kroger","7545 W Sylvania Ave","Sylvania","Lucas County","43560","419-841-2888","-","GRN","Thursday","Weekly","Tuesday","Sarah Subleski",""
"20646","Kroger","4925 Jackman Rd","Toledo","Lucas County","43613","419-475-4394","-","GRN","Wednesday","Weekly","Monday","Douglas Drouillard","419-349-8871"
"20647","Ottawa Beverage & Liquor","485 North Perry St.","Ottawa","Putnam","45875","567-538-5241","Yes","GPT","Monday","Weekly","Thursday","Viral Patel","440-283-9443"
"20649","Kroger","226 E Perkins Ave","Sandusky","Erie County","44870","419-239-2623","Yes","GRN","Thursday","Weekly","Tuesday","Jack Brushaber","419-515-0318"
"20650","Top Shelf","3303 Dorr St","Toledo","Lucas","43607","586-222-3557","-","GRN","Tuesday","Weekly","Friday","Badih Feghali","586-222-3557"
"20651","Bryan Wine & Spirits","123 E South St","Bryan","Williams","43506","419-212-9064","Yes","GPT","Monday","Weekly","Thursday","Sunny .","216-299-7899"
"20652","Chief Super Market","810 N Shoop Ave","Wauseon","Fulton","43567","419-335-4645","Yes","GRN","Wednesday","Weekly","Monday","Zach Brown","765-661-6780"
"20653","Walt Churchill's Market","26625 N Dixie Hwy","Perrysburg","Wood","43351","419-872-6900","-","GRN","Thursday","Weekly","Tuesday","Pat Torongo","419-494-8745"
"20657","Cora's Wine & Spirits","106-110 East Napoleon Rd.","Bowling Green","Wood","43402","419-806-4970","Yes","GRN","Tuesday","Weekly","Friday","Malek Abboud","216-632-0114"
"20666","Kroger","27322 Carronade Dr","Perrysburg","Wood County","43551","567-336-4658","Yes","GRN","Friday","Weekly","Wednesday","Destiny Cornett","567-315-6365"
"20669","IGA Community Markets","279 W Water St","Oak Harbor","Ottawa County","43449","419-898-4891","Yes","GRN","Monday","Weekly","Thursday","Zach Brown","765-661-6780"
"20673","Gail's Party Shoppe","201 S Main St","Gibsonburg","Sandusky County","43431","419-637-7348","Yes","GRN","Friday","Weekly","Wednesday","Laura Keller",""
"20679","Kroger","8730 Waterville Swanton Rd","Waterville","Lucas County","43566","419-878-1030","-","GRN","Tuesday","Weekly","Friday","Russel Walters","567-277-5629"
"20681","One Stop Carry Out","206 S Vance St","Carey","Wyandot County","43316","419-396-5320","Yes","GRN","Thursday","Weekly","Tuesday","Drew Dean","419-396-7307"
"20685","Buehler's","222 Portland Way","Galion","Crawford","44833","567-393-9755","Yes","GRN","Thursday","Weekly","Tuesday","Judson Palmer","262-343-5097"
"20686","Bassett's Market","3994 E Harbor Rd","Port Clinton","Ottawa County","43452","419-734-6506","Yes","GRN","Wednesday","Weekly","Monday","Charlie Bassett","419-341-1498"
"20689","Mutach's Food Market","8037 E Harbor Rd","Lakeside Marblehead","Ottawa County","43440","419-798-5203","Yes","GRN","Wednesday","Weekly","Monday","Sanjaykumar P. Patel","516-343-6175"
"20690","Ehrhart's Drive Thru","108 N Lane St","Bucyrus","Crawford County","44820","419-562-5886","Yes","GRN","Friday","Weekly","Wednesday","Hayley Matheny","419-569-7599"
"20691","Bellmann's Party Shop","134 E 5th St","Delphos","Allen County","45833","419-692-4936","Yes","GPT","Monday","Weekly","Thursday","Dhaval Patel",""
"20692","Kroger","7059 Orchard Centre Dr","Holland","Lucas County","43528","567-297-4119","Yes","GRN","Thursday","Weekly","Tuesday","Sandy Blase","567-297-4119"
"20694","Kork & Kap","135 E Main St","Crestline","Crawford County","44827","419-683-2173","Yes","GRN","Friday","Weekly","Wednesday","Sreelatha Baddam","301-401-2985"
"30200","Riesbeck's","2200 June Parkway","Zanesville","Muskingum County","43701","740-450-4985","Yes","GPT","Tuesday","Weekly","Friday","Jim Berry","740-238-6590"
"30202","Giant Eagle","6700 Hayden Run Blvd","Hilliard","Franklin County","43026","614-529-9511","-","GPT","Thursday","Weekly","Tuesday","Joe Tasker","216-509-2423"
"30203","Northwest Wine and Spirits","821 Bethel Rd","Columbus","Franklin County","43214","614-947-0738","Yes","GPT","Thursday","Weekly","Tuesday","Darpan Patel","614-290-7203"
"30204","Cross Creek General Store","58522 US-50","McArthur","Vinton County","45651","740-596-2213","Yes","GPT","Monday","1","Thursday","Navdeep Singh","518-469-7864"
"30205","1837 Wine and Spirits Emporium","1383 E Johnstown Rd","Gahanna","Franklin County","43230","614-933-9463","Yes","GPT","Monday","Weekly","Thursday","Anil Thumma","256-679-7097"
"30206","Kroger","300 S Hamilton Rd","Gahanna","Franklin County","43230","614-416-6430","-","GPT","Tuesday","Weekly","Friday","Todd Vanbuskirk","614-795-1112"
"30207","Kroger","1006 A Washington Blvd","Belpre","Washington County","45714","740-315-4112","Yes","GPT","Tuesday","Weekly","Friday","Aaron Williams","740-423-5885"
"30208","3C Food & Beverage","4436 Westerville Rd","Columbus","Franklin County","43231","614-471-5057","Yes","GPT","Monday","Weekly","Thursday","Tridip Barua",""
"30209","Food Center Emporium","100 Olive St","Caldwell","Noble County","43724","740-732-4646","-","GPT","Tuesday","Weekly","Friday","Angela Crock","740-459-0323"
"30210","Giant Eagle Market District","3061 Kingsdale Center","Upper Arlington","Franklin County","43221","614-538-0762","-","GPT","Thursday","Weekly","Tuesday","Shane Frady","937-417-7016"
"30211","Meijer","5050 N Hamilton Rd","Columbus","Franklin County","43230","614-855-4909","-","GPT","Tuesday","Weekly","Friday","Henson Zackary","614-855-4900"
"30212","Giant Eagle","2801 N High St","Columbus","Franklin County","43202","614-268-0976","-","GPT","Wednesday","Weekly","Monday","Jeremy King","614-678-9449"
"30213","Kroger","6580 E Main St","Reynoldsburg","Franklin County","43068","614-866-5336","-","GPT","Monday","Weekly","Thursday","Steven Norris","614-935-8077"
"30214","Kroger","3588 Gender Rd","Canal Winchester","Franklin County","43110","614-920-7400","-","GPT","Tuesday","Weekly","Friday","Craig Priess","614-920-7400"
"30215","Carfagna's Market","1440 Gemini Place","Columbus","Franklin","43240","614-846-6340","Yes","GPT","Tuesday","Weekly","Friday","Matthew Louwers","614-517-8905"
"30216","Giant Eagle Market District","4001 Britton Pkwy","Hilliard","Franklin County","43026","614-921-8196","-","GPT","Tuesday","Weekly","Friday","Roger Cronin","614-581-4656"
"30217","Busy Day Market","30 W Stimson Ave","Athens","Athens County","45701","740-592-9700","Yes","GPT","Wednesday","Weekly","Monday","Hunter Fox","440-773-2358"
"30218","Bodega Wine & Spirits","1032-1034 Columbus Ave","Marysville","Union","43040","937-209-3028","Yes","GPT","Monday","Weekly","Thursday","Drhumil Patel","614-735-7578"
"30219","Giant Eagle Market District Express","2250 E. Main St.","Bexley","Franklin","43209","614-591-6635","-","GPT","Monday","Weekly","Thursday","Keith Maier","614-285-4199"
"30220","Giant Eagle Market District","4000 W Powell Rd","Powell","Delaware County","43065","614-889-8073","-","GPT","Tuesday","Weekly","Friday","David Bihn","614-937-1811"
"30221","Chateau Wine & Spirits","6665 Sawmill Rd","Dublin","Franklin County","43017","614-389-3937","Yes","GPT","Tuesday","Weekly","Friday","Sailendra Patel","614-634-0127"
"30222","Liquor Depot","957 E Columbus St.","Kenton","Hardin","43326","419-767-9000","Yes","GPT","Tuesday","Weekly","Friday","Urvish Patel","513-505-7997"
"30223","Galloway Wine & Spirits","950 Galloway Rd","Galloway","Franklin County","43119","614-385-4362","Yes","GPT","Thursday","Weekly","Tuesday","Gursev Sidhu","614-620-9633"
"30225","Kroger","855 Coshocton Rd","Mt Vernon","Knox","43050","740-393-1425","Yes","GPT","Friday","Weekly","Wednesday","Cheryl Ramey","740-398-1100"
"30700","Ale Wine and Spirits","7560 Guard Well St","Powell","Delaware County","43065","740-881-0318","Yes","GPT","Friday","Weekly","Wednesday","Nate Held","614-378-0548"
"30701","Kroger","917 E State St","Athens","Athens County","45701","740-592-1598","Yes","GPT","Wednesday","Weekly","Monday","Corey Young","740-592-1598"
"30702","Buckeye Wine and Spirits","510 Ackerman Rd","Columbus","Franklin County","43202","614-262-4983","Yes","GPT","Wednesday","Weekly","Monday","Gursev Sidhu","614-620-9633"
"30703","Houch's","1020 E Main St","Chillicothe","Ross County","45601","740-775-8287","Yes","GPT","Monday","Weekly","Thursday","Deenna Harrington","740-703-5838"
"30704","Giant Eagle","1394 Ety Shops Way","Lancaster","Fairfield County","43130","740-654-5027","Yes","GPT","Wednesday","Weekly","Monday","Charles Krokey","740-739-1075"
"30705","Kroger","1428 Marion-Waldo Rd","Marion","Marion County","43302","740-386-2919","Yes","GPT","Wednesday","Weekly","Monday","Ashley Rager",""
"30706","Kroger","811 Gay St","Portsmouth","Scioto County","45662","740-355-5013","Yes","GPT","Friday","Weekly","Wednesday","Scott Sparks","740-708-0903"
"30707","Oasis Drive Thru","136 S Main St","Lakeview","Logan County","43331","937-843-5052","Yes","GPT","Thursday","Weekly","Tuesday","James Fraley",""
"30708","Northern Lights Spirits","3349 Cleveland Ave","Columbus","Franklin County","43224","614-262-9463","Yes","GPT","Wednesday","Weekly","Monday","Gaurav Rana","614-327-3735"
"30709","ABC Liquor","1571 E Dublin Granville Rd","Columbus","Franklin County","43229","614-846-4788","Yes","GPT","Wednesday","Weekly","Monday","William Tran","614-653-4883"
"30710","Kroger","610 Carroll St","New Lexington","Perry County","43764","740-342-3578","Yes","GPT","Wednesday","2","Monday","Angela Laughhunn","740-342-3578"
"30711","Kroger","350 East Broad Street","Pataskala","Licking","43062","740-964-2514","-","GPT","Tuesday","Weekly","Friday","Kerry Elk","740-755-9300"
"30713","Kroger","1240 Park Ave W","Mansfield","Richland County","44906","419-528-1869","Yes","GRN","Friday","Weekly","Wednesday","matt folkman","602-791-1561"
"30714","Kroger","1500 Lexington Ave","Mansfield","Richland County","44907","419-774-3262","Yes","GRN","Monday","Weekly","Thursday","Dustin Prince","419-632-0730"
"30715","Kroger","1155 N 21st St","Newark","Licking County","43055","740-258-6677","Yes","GPT","Tuesday","Weekly","Friday","Christina McRoberts","740-258-6677"
"30716","Ritchies Village Liquor","557 S W St","Piketon","Pike County","45661","740-289-2145","Yes","GPT","Friday","Weekly","Wednesday","Nathan Maynard","740-222-1932"
"30717","Mark's Drive Thru","6240 E Livingston Ave","Reynoldsburg","Franklin County","43068","614-861-0998","Yes","GPT","Wednesday","Weekly","Monday","Chi Bui","614-398-6535"
"30718","Kroger","3975 Powell Rd","Powell","Delaware County","43065","614-336-8105","-","GPT","Friday","Weekly","Wednesday","Dale McMaster","740-602-4002"
"30719","Giant Eagle Market District","2900 Stelzer Rd","Columbus","Franklin County","43219","614-471-8904","Yes","GPT","Thursday","Weekly","Tuesday","Cathi Stauffer","614-352-0763"
"30720","Kroger","1375 Chambers Rd","Columbus","Franklin County","43212","614-488-1116","-","GPT","Thursday","Weekly","Tuesday","Theresa Harrington","614-326-9436"
"30721","Kroger","60 Worthington Mall","Worthington","Franklin County","43085","614-841-7427","Yes","GPT","Friday","Weekly","Wednesday","John Cecil",""
"30722","The Hills Market","7860 Olentangy River Rd","Columbus","Franklin County","43235","614-846-3220","-","GPT","Tuesday","Weekly","Friday","Kyle Baker","614-374-5761"
"30723","Giant Eagle Market District","4747 Sawmill Rd","Columbus","Franklin County","43220","614-459-5358","-","GPT","Thursday","Weekly","Tuesday","Jenifer Crosby-Howiler","614-535-7416"
"30724","Kroger","1441 Parsons Ave","Columbus","Franklin County","43207","614-445-5727","-","GPT","Thursday","Weekly","Tuesday","Sharea Ayers","614-445-5727"
"30725","Giant Eagle Market District","840 W 3rd Ave","Columbus","Franklin County","43212","614-294-2363","Yes","GPT","Friday","Weekly","Wednesday","Deana Hamilton","740-501-0665"
"30726","Kroger","150 W Sycamore St","Columbus","Franklin County","43215","614-340-7979","-","GPT","Wednesday","Weekly","Monday","Tiffany Drafton","614-340-7979"
"30727","Kroger","55 W Schrock Rd","Westerville","Franklin County","43081","614-259-5777","-","GPT","Thursday","Weekly","Tuesday","HUNTER BROWN","614-705-3398"
"30728","Giant Eagle","3841 S Hamilton Rd","Groveport","Franklin County","43125","614-836-5065","Yes","GPT","Friday","Weekly","Wednesday","Xavier Linsdey","614-648-3498"
"30730","Kroger","1350 N High St","Columbus","Franklin County","43201","614-453-2928","-","GPT","Friday","Weekly","Wednesday","Patti Kress","614-453-2928"
"30731","Kroger","3600 Soldano Boulevard","Columbus","Franklin County","43228","614-274-8135","Yes","GPT","Friday","Weekly","Wednesday","Lisa Winkhaus","614-274-8135"
"30732","Central Point Liquor","689 Harrisburg Pike","Columbus","Franklin County","43223","614-276-1766","Yes","GPT","Tuesday","Weekly","Friday","Gachomo Mapis","614-276-1766"
"30733","Kroger","7625 Sawmill Rd","Dublin","Franklin County","43016","614-923-2333","Yes","GPT","Thursday","Weekly","Tuesday","Collin Balsley",""
"30734","Keg 'n Cork Beverage Center","1115 Mitchell Blvd","Springfield","Clark County","45503","937-390-2571","-","GPT","Thursday","Weekly","Tuesday","Patrick Simonton",""
"30735","Wine Works","1550 Commerce Rd","Springfield","Clark County","45504","937-323-9463","Yes","GPT","Friday","Weekly","Wednesday","Lisa Fultz","937-244-5950"
"30736","Groceryland","1822 S Limestone St","Springfield","Clark County","45505","937-917-8558","-","GPT","Wednesday","Weekly","Monday","Ravindra Patel","201-221-6089"
"30737","Kroger","230 Lafayette St","London","Madison County","43140","740-852-5542","Yes","GPT","Tuesday","Weekly","Friday","Michael Trombley","614-425-9686"
"30738","Chateau Wine & Spirits","2131 Polaris Pkwy","Columbus","Delaware County","43240","614-848-3130","Yes","GPT","Friday","Weekly","Wednesday","Anuj Patel","614-623-4448"
"30739","Crooksville Wine & Spirits","225 Pine St","Crooksville","Perry County","43731","740-982-8001","-","GPT","Wednesday","1","Monday","Akashdeep Singh","740-624-0755"
"30741","Bexley Liquor Agency","2173 E Livingston Ave","Columbus","Franklin County","43209","614-237-4282","Yes","GPT","Friday","Weekly","Wednesday","Anil Musku","301-401-2984"
"30742","Kroger","1745 Morse Rd","Columbus","Franklin County","43229","614-405-9400","-","GPT","Tuesday","Weekly","Friday","Andrew McCloud",""
"30743","Kroger","299 W Bridge St","Dublin","Franklin County","43017","614-923-0751","Yes","GPT","Thursday","Weekly","Tuesday","Stephen Juliano",""
"30744","Giant Eagle","1250 N Hamilton Rd","Gahanna","Franklin County","43230","(614) 939-5559","-","GPT","Friday","Weekly","Wednesday","Robert Bridges","614-756-8503"
"30745","Kroger","199 Graceland Blvd","Columbus","Franklin County","43214","614-410-1095","Yes","GPT","Monday","Weekly","Thursday","Daniel Montoly","614-410-1095"
"30746","Giant Eagle Market District","6700 Perimeter Loop Rd","Dublin","Franklin County","43017","614-717-9445","-","GPT","Friday","Weekly","Wednesday","Michael Gatchell","380-213-8601"
"30747","Giant Eagle","2173 Stringtown Rd","Grove City","Franklin County","43123","614-875-8539","Yes","GPT","Wednesday","Weekly","Monday","Preston Lawrence","614-738-1534"
"30748","Arena Wine & Spirits","492 Armstrong St","Columbus","Franklin County","43215","614-745-2395","Yes","GPT","Friday","Weekly","Wednesday","Gursev Sidhu",""
"30749","Drive Thru 95","608 W Marion St","Mount Gilead","Morrow County","43338","419-946-7538","Yes","GPT","Wednesday","Weekly","Monday","Rupen Patel","347-393-0442"
"30751","Smokin Rob's","1525 Eastern Ave","Gallipolis","Gallia County","45631","740-441-0163","Yes","GPT","Wednesday","1","Monday","Arun Sharma",""
"30752","Kroger","1585 Georgesville Square Dr","Columbus","Franklin County","43228","614-878-1332","-","GPT","Tuesday","Weekly","Friday","James Jackson","614-878-1332"
"30753","Little Dog Deli","3960 OH-60","McConnelsville","Morgan County","43756","740-962-4229","Yes","GPT","Wednesday","1","Monday","Parminder Tussar","740-785-6563"
"30754","Alum Creek Carry Out","4275 Alum Creek Dr","Columbus","Franklin County","43207","614-491-2059","Yes","GPT","Tuesday","Weekly","Friday","Bhumika Patel",""
"30755","Leo's Carry Out","1605 Co Rd 1","South Point","Lawrence County","45680","740-377-9412","Yes","GPT","Friday","Weekly","Wednesday","leos carryout","606-831-0528"
"30756","Kroger","1045 Hill Rd N","Pickerington","Fairfield County","43147","614-759-2761","-","GPT","Tuesday","Weekly","Friday","Justin Braden","954-253-0360"
"30757","Enon Drive Thru","358 Enon Rd","Enon","Clark County","45323","937-864-1162","Yes","GPT","Friday","Weekly","Wednesday","Anurag Sharma",""
"30758","Ross Granville Market","484 S Main St","Granville","Licking County","43023","740-587-0031","-","GPT","Wednesday","2","Monday","Geoff Ross","740-485-2156"
"30759","Beverage Warehouse","847 E 11th Ave","Columbus","Franklin County","43211","614-299-2092","Yes","GPT","Monday","Weekly","Thursday","Raghu Kondakrindhi",""
"30760","Kroger","5800 W Broad St","Galloway","Franklin County","43119","614-870-4350","-","GPT","Friday","Weekly","Wednesday","Ondre Farrow","614-843-7204"
"30761","Kroger","2525 Hilliard Rome Rd","Hilliard","Franklin County","43026","614-771-4174","Yes","GPT","Friday","Weekly","Wednesday","Rikki Molnar","419-307-6972"
"30762","Kroger","5991 S Sunbury Rd","Columbus","Franklin County","43081","614-895-1500","-","GPT","Friday","Weekly","Wednesday","Karen Thomas","614-432-6082"
"30763","Kroger","4656 Cemetery Rd","Hilliard","Franklin County","43026","614-876-1151","-","GPT","Thursday","Weekly","Tuesday","Patricia Wolff-Keaton","614-282-9282"
"30764","Kroger","600 E Main St","Hebron","Licking County","43025","740-928-0795","Yes","GPT","Tuesday","Weekly","Friday","Shelley Glass","740-364-8822"
"30765","Main St. Liquor & Tobacco","234 E Main St","Pomeroy","Meigs County","45769","740-444-5910","Yes","GPT","Wednesday","1","Monday","Naveen Sharma","937-708-9353"
"30766","Kroger","1637 E US Hwy 36","Urbana","Champaign County","43078","937-652-2227","Yes","GPT","Friday","Weekly","Wednesday","Jessica Pressler",""
"30767","Lexington Beverage Center","27 Plymouth St","Mansfield","Richland County","44904","419-884-3685","Yes","GRN","Friday","Weekly","Wednesday","Nrujal Amin","908-230-2850"
"30768","Kroger","31550 Chieftain Dr","Logan","Hocking County","43138","740-380-5459","Yes","GPT","Tuesday","Weekly","Friday","KYLE ELLINGER","740-603-7313"
"30769","Giant Eagle","5461 New Albany Rd W","New Albany","Franklin County","43054","614-939-4069","-","GPT","Tuesday","Weekly","Friday","Ken Few","614-374-3868"
"30770","Horseshoe Drive Thru","803 S Market St","Danville","Knox County","43014","740-599-7811","Yes","GPT","Friday","Weekly","Wednesday","Lynn M. Lyons","740-501-3872"
"30771","The Pit Stop","805 N Memorial Dr","Lancaster","Fairfield County","43130","740-277-7092","Yes","GPT","Tuesday","Weekly","Friday","BRANDY MATHEWS","740-590-9751"
"30772","Giant Eagle","6867 E Broad St","Columbus","Franklin County","43213","614-866-5226","Yes","GPT","Monday","Weekly","Thursday","Kathryn Coulder","614-822-1949"
"30773","Giant Eagle","873 Refugee Rd","Pickerington","Fairfield County","43147","614-866-3693","-","GPT","Tuesday","Weekly","Friday","Paul Hoch","740-407-1158"
"30774","Handy Mart I","33 S David Ave","Jackson","Jackson County","45640","740-286-1556","Yes","GPT","Friday","Weekly","Wednesday","NICK RAJPUT","740-688-1606"
"30775","Short Stop","495 E Main St","Circleville","Pickaway County","43113","740-497-4469","Yes","GPT","Monday","Weekly","Thursday","Hitesh Patel","614-595-9977"
"30776","Plain City Wine & Spirits","525 W Main St","Plain City","Union County","43064","614-873-2530","-","GPT","Friday","1","Wednesday","Hiren Mistry","478-461-1425"
"30777","Kroger","2129 S Main St","Bellefontaine","Logan County","43311","937-599-1208","Yes","GPT","Tuesday","Weekly","Friday","Heather Harmon","937-441-6489"
"30778","Mr G's II","1306 Woodlawn Ave","Cambridge","Guernsey County","43725","740-432-7943","Yes","GPT","Tuesday","Weekly","Friday","Doug Frencik","740-584-3655"
"30780","Buehler's","830 S 2nd St","Coshocton","Coshocton County","43812","740-622-2261","Yes","GPT","Friday","Weekly","Wednesday","Rana' Carpenter","740-502-1361"
"30782","Kroger","5965 Hoover Rd","Grove City","Franklin County","43123","614-277-3400","-","GPT","Friday","Weekly","Wednesday","Scott Brown","740-604-4772"
"30783","Wine & Liquor Depot","96 E Coshocton St","Johnstown","Licking County","43031","740-967-0450","Yes","GPT","Thursday","Weekly","Tuesday","Shannon Staneart","740-404-1725"
"30784","Kroger","131 OH-3","Sunbury","Delaware County","43074","740-965-0500","-","GPT","Thursday","Weekly","Tuesday","Samantha Hetterscheidt","614-309-8871"
"30785","Oliver's","301 Scammel St","Marietta","Washington County","45750","740-373-3903","Yes","GPT","Tuesday","Weekly","Friday","Chelsey Henningfield","740-336-4755"
"30787","Kroger","6095 Gender Rd","Canal Winchester","Franklin County","43110","614-834-2800","Yes","GPT","Wednesday","Weekly","Monday","Tiffany Gentzel","614-329-4701"
"30788","Kroger","7345 OH-3","Westerville","Delaware County","43082","614-794-5555","-","GPT","Friday","Weekly","Wednesday","Darnell Simpson","513-915-5907"
"30789","Giant Eagle","553 Hebron Rd","Heath","Licking County","43056","740-522-5382","Yes","GPT","Tuesday","Weekly","Friday","Kathy Magers","740-404-2041"
"30791","Kroger","1177 Polaris Pkwy","Columbus","Delaware County","43240","614-430-2440","Yes","GPT","Wednesday","Weekly","Monday","Lori Faryman","614-410-2995"
"30792","Kroger","1840 Columbus Pike","Delaware","Delaware County","43015","740-363-4398","Yes","GPT","Wednesday","Weekly","Monday","Arura Kendrick","740-971-1920"
"30793","Kroger","850 S Hamilton Rd","Whitehall","Franklin County","43213","614-452-8210","Yes","GPT","Monday","Weekly","Thursday","Valerie Parsons",""
"30794","Weiland's Market","3600 Indianola Ave","Columbus","Franklin County","43214","614-267-9878","Yes","GPT","Friday","Weekly","Wednesday","Alyssa Jones","614-381-7048"
"30795","Kroger","3675 E Broad St","Whitehall","Franklin County","43213","614-237-0076","-","GPT","Monday","Weekly","Thursday","Angela Behn","614-237-0076"
"30796","State Street Market","11 State St","Zanesville","Muskingum County","43701","740-297-8008","Yes","GPT","Friday","Weekly","Wednesday","LP SINGH","219-308-3778"
"30797","Winerak Market","2336 Maple Ave","Zanesville","Muskingum County","43701","740-454-6445","Yes","GPT","Friday","Weekly","Wednesday","Parker Alfman","740-704-7050"
"30798","Kroger","1501 W 5th St","Marysville","Union County","43040","937-209-2463","Yes","GPT","Friday","Weekly","Wednesday","Tami Burgess","740-225-5504"
"30809","Bellaire Party Center","3179 Union St","Bellaire","Belmont County","43906","740-676-2757","Yes","GPT","Wednesday","2","Monday","Susan Rataiczak","740-391-0513"
"30810","Buehler's","1055 Sugarbush Dr","Ashland","Ashland County","44805","419-282-9800","Yes","GRN","Monday","Weekly","Thursday","Trevor Fox","419-632-5296"
"30812","Giant Eagle","515 Union Ave","Dover","Tuscarawas County","44622","330-343-4856","Yes","GRN","Thursday","Weekly","Tuesday","Kevin Mehok","330-340-7758"
"30817","Kroger","858 Main St","Wintersville","Jefferson County","43953","740-264-3108","Yes","GRN","Friday","Weekly","Wednesday","Christopher McCallister","740-512-2577"
"30819","Kroger","50789 Valley Plaza Dr","Saint Clairsville","Belmont County","43950","740-695-7164","Yes","GPT","Wednesday","Weekly","Monday","Seamus Mills","740-695-7164"
"30820","Stake's IGA","430 N Jefferson St","Loudonville","Ashland County","44842","419-994-3204","Yes","GRN","Thursday","Weekly","Tuesday","C. Jean Stake",""
"30824","Millersburg Ice Co","25 S Grant St","Millersburg","Holmes County","44654","330-674-3016","Yes","GRN","Thursday","Weekly","Tuesday","Colleen Roberts","330-473-5217"
"30827","Kroger","264 S Hollywood Blvd","Steubenville","Jefferson County","43952","740-266-2898","Yes","GRN","Friday","Weekly","Wednesday","Nikki Barnett","740-266-2898"
"30832","Cadiz Spirits & Wine","621 Lincoln Ave","Cadiz","Harrison County","43907","740-320-4265","Yes","GRN","Friday","Weekly","Wednesday","Heena Patel","419-310-4193"
"30835","Smoker's Paradise","225 E 3rd St","Uhrichsville","Tuscarawas County","44683","740-922-8707","Yes","GRN","Thursday","Weekly","Tuesday","Greg Rossi",""
"30868","Riesbeck's","324 Lewisville Rd","Woodsfield","Monroe County","43793","740-472-0777","Yes","GPT","Wednesday","1","Monday","Aidan Griffith","740-472-0777"
"30876","Buehler's","417 S Broadway St","New Philadelphia","Tuscarawas County","44663","330-365-5151","Yes","GRN","Friday","Weekly","Wednesday","Amanda Karl",""
"30881","Bolivar Spirits","365 Canal St","Bolivar","Tuscarawas County","44612","330-415-4687","Yes","GRN","Thursday","Weekly","Tuesday","Whitney E. Harris","330-620-5510"
"30885","Kishman's Fresh Market Malvern","5077 Alliance Rd NW","Malvern","Carroll County","44644","330-863-0707","Yes","GRN","Monday","Weekly","Thursday","Janice Kishman","330-324-0610"
"30891","Riesbeck's","56130 National Rd","Bridgeport","Belmont County","43912","740-633-3320","-","GPT","Wednesday","2","Monday","Lavell Littleton","740-238-0628"
"30892","Chestnut Spirits & Wine","320 S Chestnut St","Barnesville","Belmont County","43713","740-425-1047","Yes","GPT","Friday","1","Wednesday","Heena Patel","419-310-4193"
"30895","Still Water Spirits & Wine","120 W State St","Newcomerstown","Tuscarawas County","43832","740-492-4104","Yes","GPT","Friday","2","Wednesday","Heena Patel","419-310-4193"
"40300","Giant Eagle","484 E Waterloo Rd","Akron","Summit County","44319","330-773-0088","Yes","GRN","Friday","Weekly","Wednesday","Brian Bell","330-773-7322"
"40301","Brimfield Liquor","3975 Cascades Blvd unit 15","Kent","Portage County","44240","330-677-1269","Yes","GRN","Monday","Weekly","Thursday","Anil Abichandani",""
"40302","Giant Eagle","4300 Kent Rd","Stow","Summit County","44224","330-686-5896","Yes","GRN","Friday","Weekly","Wednesday","Robert VanHorn","330-827-3180"
"40303","GS Spirits","2302 Metcalf Dr E","Ashtabula","Ashtabula County","44004","440-650-5705","-","GRN","Wednesday","Weekly","Monday","Gopal Patel","216-513-8004"
"40304","Giant Eagle","6493 Strip Ave NW","North Canton","Stark County","44720","330-497-7902","-","GRN","Friday","Weekly","Wednesday","Samuel Weiland","330-495-7458"
"40305","ACME","1835 W Market St","Akron","Summit County","44313","330-867-3563","-","GRN","Tuesday","Weekly","Friday","James Crouse","330-867-3563"
"40306","Top Shelf","7257 Fulton Dr NW","Canton","Stark County","44718","330-880-5028","Yes","GRN","Tuesday","Weekly","Friday","Dori Herman","330-880-5028"
"40307","Giant Eagle","4700 Belmont Ave","Youngstown","Trumbull","44505","330-759-9502","Yes","GRN","Tuesday","Weekly","Friday","Lily Rosario","330-610-3108"
"40400","Giant Eagle","7400 Broadview Rd","Parma","Cuyahoga County","44134","216-328-8266","-","GRN","Friday","Weekly","Wednesday","Hannah Seegert","216-328-8266"
"40401","Giant Eagle","6300 Biddulph Rd","Brooklyn","Cuyahoga County","44144","216-351-5180","Yes","GRN","Wednesday","Weekly","Monday","lawrence hines","440-281-5812"
"40402","Red, Wine & Brew","25887 - 25891 Detroit Rd","Westlake","Cuyahoga County","44145","440-892-7096","-","GRN","Wednesday","Weekly","Monday","Paul Allen","440-708-3187"
"40403","GS Spirits","34722 Vine St","Eastlake","Lake County","44095","440-946-2169","Yes","GRN","Thursday","Weekly","Tuesday","Gopal Patel","216-513-8004"
"40404","Giant Eagle","25105 Cedar Rd","Lyndhurst","Cuyahoga County","44124","216-920-3300","Yes","GRN","Wednesday","Weekly","Monday","angela mann","216-990-2091"
"40405","Elyria Liquor & Beverage","1063 Broad St","Elyria","Lorain County","44035","440-365-0821","Yes","GRN","Thursday","Weekly","Tuesday","Najwa Chedid",""
"40406","Andover Sparkle Market","97 Public Square","Andover","Ashtabula County","44003","440-293-6983","Yes","GRN","Wednesday","Weekly","Monday","Michele Romano",""
"40408","Milano's","35925 Detroit Rd #101","Avon","Lorain County","44011","440-937-1092","Yes","GRN","Thursday","Weekly","Tuesday","Charles Sandru","440-781-6937"
"40409","Miles Supermarket","4127 E 131st St","Cleveland","Cuyahoga County","44105","216-283-4171","-","GRN","Monday","Weekly","Thursday","Majid Abedrabbo","440-590-6364"
"40410","RSVP Food and Party Outlet","1525 S Hawkins Ave","Akron","Summit County","44320","330-864-2011","-","GRN","Tuesday","Weekly","Friday","Chris Allard","330-864-2011"
"40411","Buehler's Fresh Foods","2208-2226 Lincoln Way West","Massillon","Stark County","44647","330-833-7614","Yes","GRN","Tuesday","Weekly","Friday","Justin Virden","617-981-1749"
"40412","Lucky's Market","7596 Fredle Dr","Concord","Lake","44077","440-290-6550","-","GRN","Wednesday","Weekly","Monday","Lisa Heuer","440-290-6550"
"40413","Proof Liquor Company","20884 Royalton Rd, Unit G","Strongsville","Cuyahoga","44149","440-638-4065","Yes","GRN","Friday","Weekly","Wednesday","Halle Bruno","440-667-0620"
"40800","Mantua Gas and Beverage","4737 OH-82","Mantua","Portage County","44255","330-274-0045","Yes","GRN","Friday","Weekly","Wednesday","Atul Patel",""
"40801","Giant Eagle","1955 E Maple St","North Canton","Stark County","44720","330-244-9012","Yes","GRN","Friday","Weekly","Wednesday","Richard Baughman","216-351-5180"
"40802","Rocky's Wine & Beverage","3616 Cleveland Ave SW","Canton","Stark County","44707","330-484-1011","-","GRN","Monday","Weekly","Thursday","Meena Peddapally","201-920-9846"
"40803","Village Party Center","1800 OH-7","Yankee Lake","Trumbull County","44403","330-448-4711","-","GRN","Wednesday","Weekly","Monday","Tamie Hackett","330-507-2502"
"40805","Giant Eagle","15937 OH-170","East Liverpool","Columbiana County","43920","330-385-5220","Yes","GRN","Friday","Weekly","Wednesday","Kelly Parrish","724-650-3368"
"40806","Gene's Drive Thru","1750 E State St","Salem","Columbiana County","44460","330-337-9069","Yes","GRN","Monday","Weekly","Thursday","Kevin Engle","330-770-0093"
"40807","Wonderland of Foods","263 W Buckeye St","West Salem","Wayne County","44287","419-853-4302","-","GRN","Monday","Weekly","Thursday","Pankaj Patel",""
"40808","Giant Eagle","290 E Aurora Rd","Northfield","Summit County","44067","330-468-0100","-","GRN","Monday","Weekly","Thursday","Joshua Etela","330-468-0100"
"40813","Gino's Drive Thru","988 E Midlothian Blvd","Youngstown","Mahoning County","44502","330-788-6581","Yes","GRN","Thursday","Weekly","Tuesday","Nicholas Catsoules",""
"40814","Giant Eagle Market District","1700 Corporate Woods Pkwy","Uniontown","Summit County","44685","330-896-4456","-","GRN","Friday","Weekly","Wednesday","Steve Grand","330-212-4424"
"40815","ACME","3140 Greenwich Rd","Norton","Summit County","44203","330-825-0896","-","GRN","Monday","Weekly","Thursday","James Deitch","330-825-0896"
"40816","Giant Eagle","1700 Norton Rd","Stow","Summit County","44224","330-342-7465","-","GRN","Wednesday","Weekly","Monday","Rhiannon Clucas","330-342-9995"
"40818","Giant Eagle","108 W Main St","Louisville","Stark County","44641","330-875-4862","Yes","GRN","Monday","Weekly","Thursday","Kevin McConville","330-875-1451"
"40821","Lake's Beverage","3963 S Main St","Akron","Summit County","44319","330-644-6678","Yes","GRN","Thursday","Weekly","Tuesday","Star Newberry","330-309-4449"
"40822","Phil's Wine Boutique","201 12th St NW","Canton","Stark County","44703","330-588-8600","Yes","GRN","Friday","Weekly","Wednesday","Kulmeet Bhullar",""
"40823","Silver Spirits Liquor Agency","1482 N Portage Path","Akron","Summit County","44313","330-864-5933","Yes","GRN","Friday","Weekly","Wednesday","Karran Jaikissoon",""
"40825","Cap and Corks","25141 Lorain Rd","North Olmsted","Cuyahoga County","44070","440-455-9255","Yes","GRN","Tuesday","Weekly","Friday","Paresh Patel",""
"40828","Giant Eagle","3100 Cromer Ave NW","Canton","Stark County","44709","330-493-9469","-","GRN","Monday","Weekly","Thursday","Chad Ohman","330-492-5162"
"40829","Wine Connection","330 OH-14","Columbiana","Mahoning County","44408","330-482-9069","Yes","GRN","Thursday","Weekly","Tuesday","Stephanie Childers","330-720-3838"
"40830","One Stop Shop","6000 Mahoning Ave","Youngstown","Mahoning County","44515","330-792-6241","Yes","GRN","Wednesday","Weekly","Monday","Sherrie Seruga","330-531-2906"
"40831","Didi's Beverage","5614 Youngstown Warren Rd","Niles","Trumbull County","44446","330-652-4300","Yes","GRN","Thursday","Weekly","Tuesday","Nilkanth Patel","267-467-3583"
"40833","Giant Eagle","2700 Mahoning Ave","Warren","Trumbull County","44483","330-399-4196","Yes","GRN","Thursday","Weekly","Tuesday","Satara Ricardson","330-774-6968"
"40836","ACME","3979 Medina Rd","Akron","Summit County","44333","330-666-6781","-","GRN","Monday","Weekly","Thursday","Mike Zita","330-666-6781"
"40837","Buehler's Milltown","3540 Burbank Rd","Wooster","Wayne County","44691","330-345-5908","Yes","GRN","Thursday","Weekly","Tuesday","michele muraviov","330-641-0562"
"40838","Gary's Drive Thru","331 W High St","Orrville","Wayne County","44667","330-683-1528","Yes","GRN","Monday","Weekly","Thursday","Brittany Defibaugh","330-749-3804"
"40839","Giant Eagle","608 Raff Rd SW","Canton","Stark County","44710","330-454-5758","Yes","GRN","Friday","Weekly","Wednesday","Deborah Smith","330-209-1433"
"40840","Wine Cellar","105 S Meridian Rd","Youngstown","Mahoning County","44509","3307927176","-","GRN","Monday","Weekly","Thursday","nicholas Nassif","216-973-4191"
"40841","Navarre Drive Thru & Party Store","708 N Main St","Navarre","Stark County","44662","330-879-2339","Yes","GRN","Thursday","Weekly","Tuesday","Dan Greenwell",""
"40842","Giant Eagle","3130 Center Rd","Youngstown","Mahoning County","44514","330-757-3735","-","GRN","Tuesday","Weekly","Friday","Alice Holland","330-429-5137"
"40843","ACME","1474 N Main St","North Canton","Stark County","44720","330-497-0718","-","GRN","Wednesday","Weekly","Monday","Julie Frye","330-497-0718"
"40844","Giant Eagle","41 5th St SE","Barberton","Summit County","44203","330-745-2869","Yes","GRN","Monday","Weekly","Thursday","Nick Sheppard","330-906-0181"
"40845","Giant Eagle Market District","2687 State Rd","Cuyahoga Falls","Summit County","44223","330-928-6606","Yes","GRN","Friday","Weekly","Wednesday","Michelle Brubaker","330-310-1965"
"40846","Country Market","380 E South St","Akron","Summit County","44311","330-434-4923","-","GRN","Wednesday","Weekly","Monday","Arpita Patel","609-592-3925"
"40847","Dave's Supermarket","3565 Ridge Rd","Cleveland","Cuyahoga County","44102","216-961-2000","-","GRN","Monday","Weekly","Thursday","David Guzzi","216-763-3199"
"40848","Giant Eagle","4428 Broadview Rd","Richfield","Summit County","44286","330-659-6134","-","GRN","Friday","Weekly","Wednesday","Kevin Sommer","330-659-6134"
"40849","Giant Eagle","2032 Lincoln Way E","Massillon","Stark County","44646","330-833-2493","Yes","GRN","Friday","Weekly","Wednesday","Aimee Lovell","330-833-2733"
"40850","Cork and Brew","349 W Market St","Akron","Summit County","44303","330-761-2000","Yes","GRN","Wednesday","Weekly","Monday","Krupesh Patel","440-840-4078"
"40851","Giant Eagle","48 Vienna Ave","Niles","Trumbull County","44446","330-505-6318","Yes","GRN","Tuesday","Weekly","Friday","Mike Lewis","330-766-6486"
"40852","ACME","2630 Bailey Rd","Cuyahoga Falls","Summit County","44221","330-923-1417","-","GRN","Monday","Weekly","Thursday","Jim Renick","330-923-1417"
"40853","Save-A-Lot","653 Gypsy Ln","Youngstown","Mahoning County","44505","330-743-3746","Yes","GRN","Monday","Weekly","Thursday","Heather Schrecengost","330-974-3123"
"40854","Top Shelf Liquor","773 McCartney Rd","Youngstown","Mahoning County","44505","330-746-8556","Yes","GRN","Monday","Weekly","Thursday","Chirag Patel","951-462-6587"
"40855","A & C Southway Beverage","45 South Ave","Youngstown","Mahoning County","44503","330-788-0686","Yes","GRN","Monday","Weekly","Thursday","Carol Franceschelli","330-360-2733"
"40856","Chagrin Valley Beverage","4620 Richmond Rd","Warrensville Heights","Cuyahoga County","44128","216-342-5753","Yes","GRN","Tuesday","Weekly","Friday","Gopal Patel","216-513-8004"
"40858","World Wines And Liquor","10275 Northfield Rd","Northfield","Summit County","44067","330-467-1584","Yes","GRN","Thursday","Weekly","Tuesday","Sukhjit Khaira",""
"40859","Aurora Spirits","312 Aurora Commons Cir","Aurora","Portage County","44202","330-562-6642","Yes","GRN","Tuesday","Weekly","Friday","Scott Kennedy","216-990-4788"
"40862","Giant Eagle","4260 OH-44","Rootstown","Portage County","44272","330-325-7965","-","GRN","Tuesday","Weekly","Friday","Ken Messner","330-524-0081"
"40863","Giant Eagle","8202 E Market St","Warren","Trumbull County","44484","330-856-1521","Yes","GRN","Friday","Weekly","Wednesday","Greg Kostyo","330-766-1064"
"40864","Mini Mart Foods","2085 Locust St","Canal Fulton","Stark County","44614","330-854-4868","-","GRN","Thursday","Weekly","Tuesday","Durgesh Parbhoo",""
"40865","Green Road Liquor","2181 S Green Rd","University Heights","Cuyahoga County","44121","216-331-0008","Yes","GRN","Tuesday","Weekly","Friday","Raed Fanous",""
"40866","Giant Eagle","525 E Main St","Canfield","Mahoning County","44406","330-702-1317","-","GRN","Wednesday","Weekly","Monday","Patrick Donaldson","330-702-0522"
"40867","Tony's Wine Barrel","1532 Home Ave","Akron","Summit County","44310","330-633-1330","Yes","GRN","Friday","Weekly","Wednesday","Tony Nassif",""
"40869","One Stop Liquor","1400 S Arlington St","Akron","Summit County","44306","330-724-0299","-","GRN","Friday","Weekly","Wednesday","Hitesh Patel","609-892-4842"
"40870","ACME","116 W Streetsboro St","Hudson","Summit County","44236","330-650-0465","Yes","GRN","Wednesday","Weekly","Monday","Joan Bahmer","330-650-0465"
"40872","ACME","2420 Wedgewood Dr","Akron","Summit County","44312","330-784-5411","-","GRN","Thursday","Weekly","Tuesday","Ronald Varga","330-784-5411"
"40873","Corkscrew Johnny's","2542 Brecksville Rd","Richfield","Summit County","44286","330-659-4447","Yes","GRN","Thursday","Weekly","Tuesday","Jonathan Kerkian",""
"40874","Chalet Premier","10000 Market St","North Lima","Mahoning County","44452","330-549-5228","Yes","GRN","Thursday","Weekly","Tuesday","Jason Fithian","330-727-1278"
"40877","That's The Spirit","8039 State St","Garrettsville","Portage County","44231","330-527-7044","-","GRN","Thursday","Weekly","Tuesday","Chad Dostal","330-608-9201"
"40879","ACME","1709 OH-59","Kent","Portage County","44240","330-678-1535","-","GRN","Tuesday","Weekly","Friday","Amanda Klingler","330-678-1535"
"40880","Leprechaun Party House","2707 Manchester Rd","Akron","Summit County","44319","330-753-5200","Yes","GRN","Monday","Weekly","Thursday","Karran Jaikissoon",""
"40882","ACME","2905 Whipple Ave NW","Canton","Stark County","44708","330-478-2571","-","GRN","Friday","Weekly","Wednesday","Cindy Kuemerle","330-478-2571"
"40883","Giant Eagle","1280 OH-303","Streetsboro","Portage County","44241","330-626-1085","-","GRN","Tuesday","Weekly","Friday","Joshua Etela","330-468-0100"
"40884","Giant Eagle","476 Boardman-Canfield Rd","Youngstown","Mahoning County","44512","330-758-3767","-","GRN","Monday","Weekly","Thursday","Joshua Rice","330-758-3767"
"40886","Town Centre Liquor Lottery Beverage","816 N State St","Girard","Trumbull County","44420","330-545-9373","Yes","GRN","Friday","Weekly","Wednesday","sunny patel","215-391-9002"
"40887","Devine Shop N Save","529 N Main St","Hubbard","Trumbull County","44425","330-534-4810","Yes","GRN","Monday","Weekly","Thursday","Dave Gallaugher","330-240-8643"
"40888","Giant Eagle","909 E Main St","Ravenna","Portage County","44266","330-296-2335","Yes","GRN","Wednesday","Weekly","Monday","Ken Messner","330-524-0081"
"40889","Giant Eagle","1201 Doral Dr","Youngstown","Mahoning County","44514","330-729-9479","Yes","GRN","Tuesday","Weekly","Friday","Jeff Kollat","330-502-1966"
"40890","Giant Eagle","1800 W State St","Alliance","Stark County","44601","330-821-9015","Yes","GRN","Wednesday","Weekly","Monday","John Koontz","330-415-1187"
"40893","Lakemore Wine & Liquor","1500 Canton Rd","Akron","Summit County","44312","330-784-1727","Yes","GRN","Wednesday","Weekly","Monday","Cody Ramnarine","330-323-0420"
"40894","BK Beverage","42 W Main St","Salineville","Columbiana County","43945","330-679-0212","-","GRN","Monday","Weekly","Thursday","Rebecca Melhorn","330-831-9090"
"40896","Rittman Beverage Center","163 E Ohio Ave","Rittman","Wayne County","44270","330-925-8831","Yes","GRN","Monday","Weekly","Thursday","Rupen Patel","347-393-0442"
"40897","Maple Valley Wine & Spirits","1414 Copley Rd","Akron","Summit County","44320","330-836-8139","Yes","GRN","Monday","Weekly","Thursday","Barrat Ramnarine","330-323-0420"
"40898","ACME","600 South Ave","Tallmadge","Summit County","44278","330-633-0008","-","GRN","Tuesday","Weekly","Friday","Alex Flynt","330-633-0008"
"40899","Giant Eagle","2061 Elm Rd","Warren","Trumbull County","44483","330-372-6020","-","GRN","Tuesday","Weekly","Friday","Theola Gray","330-984-7180"
"40900","Giant Eagle","24601 Chagrin Blvd","Beachwood","Cuyahoga County","44122","216-831-3535","-","GRN","Wednesday","Weekly","Monday","Patrick Riedy","216-308-0914"
"40901","Quick State Liquor Agency","5945 Smith Rd","Brook Park","Cuyahoga County","44142","216-676-6346","Yes","GRN","Wednesday","Weekly","Monday","Rahul Patel","216-798-3505"
"40902","Giant Eagle","5231 Detroit Rd","Sheffield Lake","Lorain County","44054","440-934-4680","Yes","GRN","Friday","Weekly","Wednesday","Dashawn Felder","440-787-6024"
"40903","Collinwood Beverage","16208 St Clair Ave.","Cleveland","Cuyahoga County","44110","216-486-9794","-","GRN","Tuesday","Weekly","Friday","Chaundria Mitchell","216-571-6448"
"40904","Giant Eagle","5321 Warrensville Center Rd","Maple Heights","Cuyahoga County","44137","216-714-7700","-","GRN","Friday","Weekly","Wednesday","Aaron Cole","216-340-4824"
"40905","World Wines And Liquor","8760 Mentor Ave","Mentor","Lake County","44060","440-255-1311","Yes","GRN","Thursday","Weekly","Tuesday","colleen misconish","440-477-0190"
"40906","Giant Eagle Market District","30275 Detroit Rd","Westlake","Cuyahoga County","44145","440-892-2110","Yes","GRN","Tuesday","Weekly","Friday","Sarita Lewis","440-892-2110"
"40907","Quick Stop","26193 Euclid Ave","Euclid","Cuyahoga County","44132","216-261-6677","Yes","GRN","Thursday","Weekly","Tuesday","Vijay Patel","330-990-9181"
"40908","Shop N Go","25480 Aurora Rd","Bedford Heights","Cuyahoga County","44146","440-786-1022","-","GRN","Tuesday","Weekly","Friday","JACKIE PORTZER","440-786-1022"
"40909","Ross Wine And Liquor","27313 Wolf Rd","Bay Village","Cuyahoga County","44140","440-892-4726","Yes","GRN","Thursday","Weekly","Tuesday","Yogesh Patel","216-408-0950"
"40910","Shore Center Beverage & Liquor","22808 Lakeshore Blvd","Cleveland","Cuyahoga County","44123","216-731-6886","Yes","GRN","Monday","Weekly","Thursday","Pruthvesh Patel","216-502-9900"
"40912","Wines For You","7344 Mentor Ave","Mentor","Lake County","44060","440-946-1420","Yes","GRN","Thursday","Weekly","Tuesday","Kirit Kasabwala",""
"40913","Giant Eagle","3440 Center Rd","Brunswick","Medina County","44212","330-220-7778","Yes","GRN","Wednesday","Weekly","Monday","michael Schneider","330-220-7778"
"40914","Dave's Market","1940 Lee Rd","Cleveland Heights","Cuyahoga County","44118","216-321-7917","Yes","GRN","Wednesday","Weekly","Monday","Patrick Sullivan","216-321-7917"
"40915","Dave's Supermarket","3628 Mayfield Rd","Cleveland Heights","Cuyahoga County","44118","216-291-2300","-","GRN","Wednesday","Weekly","Monday","Daniece Payne","216-291-2300"
"40916","Giant Eagle","320 Market Dr","Elyria","Lorain County","44035","440-324-5148","Yes","GRN","Thursday","Weekly","Tuesday","Gregory Owens","440-864-6119"
"40917","Minotti's Wine and Spirits","20550 Lorain Rd","Fairview Park","Cuyahoga County","44126","440-333-0057","Yes","GRN","Wednesday","Weekly","Monday","Zak Kirkwood","440-821-2519"
"40918","Giant Eagle","34325 Center Ridge Rd","North Ridgeville","Lorain County","44039","440-327-3730","Yes","GRN","Thursday","Weekly","Tuesday","Heather Collins","440-327-3730"
"40919","Chagrin Wine & Beverage Co","16814 Chagrin Blvd","Shaker Heights","Cuyahoga County","44120","216-991-4400","Yes","GRN","Wednesday","Weekly","Monday","ALEX PATEL","440-590-6768"
"40920","Dave's Supermarket","2700 Carroll Ave","Cleveland","Cuyahoga County","44113","216-274-2940","-","GRN","Thursday","Weekly","Tuesday","David Guzzi","216-763-3199"
"40921","Giant Eagle","36475 Euclid Ave","Willoughby","Lake County","44094","440-527-7718","Yes","GRN","Wednesday","Weekly","Monday","Andrea Haller-DeCapua",""
"40922","Tony's Market","3114 Clark Ave","Cleveland","Cuyahoga County","44109","216-651-5700","-","GRN","Wednesday","Weekly","Monday","Chetankumar Patel",""
"40923","Buehler's","3626 Medina Rd","Medina","Medina County","44256","330-725-5000","-","GRN","Monday","Weekly","Thursday","Tynisha Barney","216-926-7324"
"40924","Wine Reserve","16785 Chillicothe Rd","Chagrin Falls","Geauga County","44023","440-543-3339","-","GRN","Friday","Weekly","Wednesday","Burjinder Dhanda","216-650-2311"
"40925","Warren Village Beverage","3330 Warren Rd","Cleveland","Cuyahoga County","44111","216-252-5080","Yes","GRN","Thursday","Weekly","Tuesday","Alpesh Patel","216-408-2600"
"40926","Kinsman Express Beverage","3230 E 93rd St","Cleveland","Cuyahoga County","44104","216-441-1810","-","GRN","Friday","Weekly","Wednesday","Courtney Talley","216-835-2874"
"40927","Dave's Supermarket","5100 Wilson Mills Rd","Richmond Heights","Cuyahoga County","44143","440-460-0900","-","GRN","Thursday","Weekly","Tuesday","David Guzzi","216-763-3199"
"40928","Shoreway Beverage","4169 Lake Rd","Sheffield Lake","Lorain County","44054","440-949-5150","Yes","GRN","Thursday","Weekly","Tuesday","Gary Pagano",""
"40929","Sapell's Food Basket","1314 W 117th St","Lakewood","Cuyahoga County","44107","216-529-1770","-","GRN","Tuesday","Weekly","Friday","John Wonkovich","216-905-6874"
"40930","State Road Beverage","4810 State Rd","Cleveland","Cuyahoga County","44109","216-351-9355","-","GRN","Wednesday","Weekly","Monday","Shiva R Peddapally","216-351-9355"
"40931","Greenlite Beverage & Liquor","18314 Euclid Ave","Cleveland","Cuyahoga County","44112","216-481-6227","-","GRN","Wednesday","Weekly","Monday","Wael Bounakad","216-650-6973"
"40932","Pat O'Brien's Fine Wines","30800 Pinetree Rd","Pepper Pike","Cuyahoga County","44124","216-831-8680","-","GRN","Friday","Weekly","Wednesday","Peter Bourlas","330-327-4692"
"40933","Giant Eagle","4343 E Royalton Rd","Broadview Heights","Cuyahoga County","44147","440-526-1547","Yes","GRN","Tuesday","Weekly","Friday","Alexander Wade","440-526-1547"
"40934","One Stop Liquor Agency","4071 Lee Rd","Cleveland","Cuyahoga County","44128","216-751-2581","Yes","GRN","Monday","Weekly","Thursday","Dhruvesh Patel","216-502-9900"
"40935","Royal Park Beverage","12770 Royalton Rd","North Royalton","Cuyahoga County","44133","440-582-8766","-","GRN","Monday","Weekly","Thursday","Amjad Soussou","440-503-3718"
"40936","Euclid Mini Mart","355 E 200th St","Euclid","Cuyahoga County","44119","216-481-8050","-","GRN","Thursday","Weekly","Tuesday","Al Patel","216-333-8595"
"40937","Giant Eagle","3050 W 117th St","Cleveland","Cuyahoga County","44111","216-941-5012","-","GRN","Wednesday","Weekly","Monday","Danny Handlovics","216-778-0475"
"40938","Nemo's Beverage","13609 Euclid Ave","East Cleveland","Cuyahoga County","44112","216-451-1811","-","GRN","Thursday","Weekly","Tuesday","Fayez Abboud","216-299-7899"
"40939","Fairport Harbor Beverage & Liquor","200 3rd St","Fairport Harbor","Lake County","44077","440-357-1750","Yes","GRN","Monday","Weekly","Thursday","Prajesh Patel","732-397-7301"
"40940","Bottle Stop","4417-4423 West 150th St","Cleveland","Cuyahoga County","44135","216-362-1141","Yes","GRN","Friday","Weekly","Wednesday","Yogeshkumar Patel","440-506-4370"
"40941","Dave's Supermarket","1929 E 61st St","Cleveland","Cuyahoga County","44103","216-881-5780","-","GRN","Tuesday","Weekly","Friday","Rosita Jamison","216-361-5130"
"40942","Barry's Liquor","5270 Transportation Blvd","Garfield Heights","Cuyahoga County","44125","216-475-6192","Yes","GRN","Tuesday","Weekly","Friday","BHARAT VASHI","216-798-7184"
"40943","Giant Eagle","15400 W High St","Middlefield","Geauga County","44062","440-632-1200","-","GRN","Friday","Weekly","Wednesday","Jennifer Packo","440-632-1200"
"40944","Downtown Liquor","1303 W 6th St","Cleveland","Cuyahoga County","44113","216-579-1313","Yes","GRN","Tuesday","Weekly","Friday","Danny Chedid","216-559-0607"
"40945","Mr. C'S Beverage","12611 Shaw Ave","Cleveland","Cuyahoga County","44108","216-451-8393","Yes","GRN","Thursday","Weekly","Tuesday","Miron Thomas","216-672-8384"
"40946","Giant Eagle","6079 Andrews Rd","Mentor-on-the-Lake","Lake County","44060","440-306-0025","Yes","GRN","Monday","Weekly","Thursday","christine iacofano","440-494-2982"
"40947","Mr. C'S II","5816 Superior Ave","Cleveland","Cuyahoga County","44103","216-862-5747","-","GRN","Tuesday","Weekly","Friday","Khushbu Patel",""
"40948","Rag's Wine And Beverage","4743 Oberlin Ave","Lorain","Lorain County","44053","440-282-5045","Yes","GRN","Tuesday","Weekly","Friday","Abhishek Mistry","440-282-5045"
"40949","One Stop Beverage","37565 Colorado Ave","Avon","Lorain County","44011","440-934-6141","-","GRN","Wednesday","Weekly","Monday","Gregory Karger","440-452-4226"
"40950","Apples","400 sheffield center","Lorain","Lorain County","44055","440-233-5461","Yes","GRN","Friday","Weekly","Wednesday","Jacob Sartin","440-830-8343"
"40951","Giant Eagle","31990 Walker Rd","Avon Lake","Lorain County","44012","440-933-5079","-","GRN","Thursday","Weekly","Tuesday","Melissa Beran","440-258-1478"
"40952","Lantern Beverage","122 N Chestnut St","Jefferson","Ashtabula County","44047","440-576-9225","Yes","GRN","Thursday","Weekly","Tuesday","Michael Tran","716-510-5740"
"40953","Key Beverage and Liquor","6542 Broadway Ave","Cleveland","Cuyahoga County","44105","216-883-1190","Yes","GRN","Monday","Weekly","Thursday","mirage patel","216-659-7896"
"40954","28th Street Supermarket","2747 Cedar Ave","Cleveland","Cuyahoga County","44115","216-771-2126","-","GRN","Tuesday","Weekly","Friday","Mohinder Bhela","216-280-4201"
"40955","Olmsted Bi-Rite","7070 Columbia Rd","Olmsted Falls","Cuyahoga County","44138","440-235-0474","-","GRN","Tuesday","Weekly","Friday","Sheila Patel",""
"40956","Apples Market","209 E Herrick Ave","Wellington","Lorain County","44090","440-647-2621","Yes","GRN","Monday","Weekly","Thursday","Amanda Hartman","440-647-2621"
"40957","Giant Eagle","7939 Day Dr","Cleveland","Cuyahoga County","44129","440-888-7316","-","GRN","Wednesday","Weekly","Monday","theresa havasi","216-310-2869"
"40958","Grumpy Grandpa's Git & Go","3270 State Rd","Ashtabula","Ashtabula County","44004","440-998-0700","Yes","GRN","Wednesday","Weekly","Monday","Michael Tran","716-510-5740"
"40960","Lagrange Drive Thru","212 S Center St","LaGrange","Lorain County","44050","440-355-6103","-","GRN","Tuesday","Weekly","Friday","Baljit Rai","216-544-4076"
"40961","The Vault Wine & Spirits","27700 Chardon Rd","Willoughby Hills","Lake County","44092","440-347-9830","-","GRN","Tuesday","Weekly","Friday","Sagar (Sunny) Patel","440-525-6414"
"40962","Grafton Crewsthru","795 Main St","Grafton","Lorain County","44044","440-926-3846","Yes","GRN","Tuesday","Weekly","Friday","Prit Patel","216-421-5324"
"40963","Giant Eagle Market District","15919 Pearl Rd","Strongsville","Cuyahoga County","44136","440-238-6432","Yes","GRN","Friday","Weekly","Wednesday","morgan Lewis","216-410-7088"
"40964","Wine Reserve Of Aurora","1029 N Aurora Rd","Aurora","Portage County","44202","330-562-1850","-","GRN","Wednesday","Weekly","Monday","Rachhpal Sandhu","330-348-4207"
"40965","Giant Eagle","4453 Liberty Ave","Vermilion","Lorain County","44089","440-967-2901","Yes","GRN","Friday","Weekly","Wednesday","Tammy Mohn","440-967-2901"
"40966","Giant Eagle","1201 Mentor Ave","Painesville","Lake County","44077","440-358-7782","-","GRN","Friday","Weekly","Wednesday","Joan Costanzo","440-478-9693"
"40967","Johnny's Carry Out & Wine Shop","12290 Leavitt Rd","Oberlin","Lorain County","44074","440-774-8215","Yes","GRN","Monday","Weekly","Thursday","Mandhir Rai",""
"40968","Giant Eagle","2201 Kresge Dr","Amherst","Lorain County","44001","440-960-9127","Yes","GRN","Friday","Weekly","Wednesday","Denise Alaimo","440-258-9715"
"40969","Giant Eagle Market District","34310 Aurora Rd","Solon","Cuyahoga County","44139","440-248-9923","Yes","GRN","Wednesday","Weekly","Monday","Jennifer Bonazza","440-248-4400"
"40970","Independence Beverage","7103 Brecksville Rd","Independence","Cuyahoga County","44131","216-524-4030","Yes","GRN","Monday","Weekly","Thursday","BHARAT VASHI","216-798-7184"
"40971","Avon Lake Deli & Carryout","33501 Lake Rd","Avon Lake","Lorain County","44012","440-933-3216","Yes","GRN","Tuesday","Weekly","Friday","Nehal Patel","440-610-4318"
"40972","Giant Eagle","351 Center St","Chardon","Geauga County","44024","440-286-2861","Yes","GRN","Monday","Weekly","Thursday","Michael Bounds","330-840-4402"
"40973","1 Stop Liquor and Beverage","11618 Buckeye Rd","Cleveland","Cuyahoga County","44120","216-421-9156","-","GRN","Tuesday","Weekly","Friday","Bharti Kansara",""
"40974","Giant Eagle","755 S Broadway","Geneva","Ashtabula County","44041","440-466-8988","Yes","GRN","Wednesday","Weekly","Monday","Tyler Piovarchy","440-409-1544"
"40975","Giant Eagle","4401 Mayfield Rd","South Euclid","Cuyahoga County","44121","216-382-2932","-","GRN","Tuesday","Weekly","Friday","Frank Vendely","216-339-3363"
"40976","Shoregate Beverage & Liquor","30498 Lakeshore Blvd","Willowick","Lake County","44095","440-944-2466","Yes","GRN","Thursday","Weekly","Tuesday","Hiren Patel",""
"40977","Golden Gate Beverage & Liquor","6105 Mayfield Rd","Mayfield Heights","Cuyahoga County","44124","440-442-7861","Yes","GRN","Monday","Weekly","Thursday","Vaishali Patel","912-484-1147"
"40978","Mookies","21700 Miles Rd","North Randall","Cuyahoga County","44128","216-587-6401","Yes","GRN","Tuesday","Weekly","Friday","Malek Abboud","216-632-0114"
"40979","Giant Eagle","825 Ambassador Dr","Wadsworth","Medina County","44281","330-334-0274","Yes","GRN","Thursday","Weekly","Tuesday","Joshua Higginbotham","330-858-6011"
"40980","Davis True Value Hardware","279 E Main St","Orwell","Ashtabula County","44076","440-437-6512","Yes","GRN","Wednesday","Weekly","Monday","Roger Smith","440-855-3549"
"40981","Giant Eagle","12692 W Geauga Plaza","Chesterland","Geauga County","44026","440-729-9587","-","GRN","Monday","Weekly","Thursday","Andrew Liptak","440-729-9587"
"40982","Washington St Beverage","182 E Washington St","Painesville","Lake County","44077","440-354-4601","Yes","GRN","Monday","Weekly","Thursday","John Gaghan","440-346-4918"
"40983","Buehler's","275 Forest Meadows Dr","Medina","Medina County","44256","330-723-0041","Yes","GRN","Monday","Weekly","Thursday","Bill Stevens",""
"40984","Giant Eagle","6556 N Ridge Rd","Madison","Lake County","44057","440-428-6256","Yes","GRN","Friday","Weekly","Wednesday","Melissa Wooten","440-428-1156"
"40985","Ross Wine and Liquor","360 W Bagley Rd","Berea","Cuyahoga County","44017","440-234-9463","Yes","GRN","Monday","Weekly","Thursday","Yogesh Patel","216-408-0950"
"40986","Broad Street Mini Mart","500 Broad St","Conneaut","Ashtabula County","44030","440-599-6551","Yes","GRN","Wednesday","Weekly","Monday","James Dombrowski","440-813-3221"
"40987","Giant Eagle","2390 W Prospect Rd","Ashtabula","Ashtabula County","44004","440-992-6881","Yes","GRN","Wednesday","Weekly","Monday","Gloria Daniels","440-862-4601"
"40988","Union Liquor","12408 Union Ave","Cleveland","Cuyahoga County","44105","216-752-1594","-","GRN","Monday","Weekly","Thursday","Rami Chalhoub","440-340-1534"
"40989","Simone's Beverage & Deli","18414 Detroit Ave","Lakewood","Cuyahoga County","44107","216-221-2221","Yes","GRN","Wednesday","Weekly","Monday","Simon Zkiab",""
"40990","Giant Eagle","5744 Transportation Blvd","Garfield Heights","Cuyahoga County","44125","216-865-4760","Yes","GRN","Wednesday","Weekly","Monday","Winfred Burton","216-333-0951"
"40991","Giant Eagle","6869 Southland Dr","Middleburg Heights","Cuyahoga County","44130","440-842-5078","Yes","GRN","Friday","Weekly","Wednesday","David Pelkey","216-551-1462"
"40992","Giant Eagle","27264 Lorain Rd","North Olmsted","Cuyahoga County","44070","440-617-5807","Yes","GRN","Tuesday","Weekly","Friday","Nicole Murray","440-227-3914"
"40993","Joe D's Beverage & Deli","5259 Wallings Rd","North Royalton","Cuyahoga County","44133","440-582-0014","Yes","GRN","Tuesday","Weekly","Friday","Tim McIntyre",""
"40994","Minotti's Rocky River Wine Shop","19831 Detroit Rd","Rocky River","Cuyahoga County","44116","440-333-4095","Yes","GRN","Wednesday","Weekly","Monday","Joseph Minotti","440-823-4181"
"40995","Giant Eagle","22080 Center Ridge Rd","Rocky River","Cuyahoga County","44116","440-333-5209","Yes","GRN","Wednesday","Weekly","Monday","Bernard Chambers","216-456-6786"
"40997","Oakwood Deli & Liquor","25911 Broadway Ave","Bedford","Cuyahoga County","44146","440-232-0780","Yes","GRN","Monday","Weekly","Thursday","Pardeep Rai","216-799-5015"